﻿<?xml version="1.0" encoding="utf-8"?>
<arabicdata>
	<arabictransforms>
		<transform symbolname="lAX" form="l&lt;"></transform>
		<transform symbolname="AX" form="&lt;"></transform>
		<transform symbolname="lA#" form="l&gt;"></transform>
		<transform symbolname="A#" form="&gt;"></transform>
		<transform symbolname="w#" form="&amp;"></transform>
		<transform symbolname="Y#" form="}"></transform>
		<transform symbolname="A^" form="|"></transform>
	</arabictransforms>
	<arabiccombos>
		<!-- Presentation Forms B FE70-FEFF -->
		<combo symbolname="_F" shaping=",,,FE71"></combo>
		<combo symbolname="_a" shaping=",,,FE77"></combo>
		<combo symbolname="_u" shaping=",,,FE79"></combo>
		<combo symbolname="_i" shaping=",,,FE7B"></combo>
		<combo symbolname="_~" shaping=",,,FE7D"></combo>
		<combo symbolname="_o" shaping=",,,FE7F"></combo>
		<combo symbolname="l|" shaping="FEF5,FEF6,,"></combo>
		<combo symbolname="l&gt;" shaping="FEF7,FEF8,,"></combo>
		<combo symbolname="l&lt;" shaping="FEF9,FEFA,,"></combo>
		<combo symbolname="lA" shaping="FEFB,FEFC,,"></combo>
		
		<!-- Presentation Forms A FB50-FDFF -->
		<combo symbolname="}A" shaping="FBEA,FBEB,,"></combo>
		<combo symbolname="}w" shaping="FBEE,FBEF,,"></combo>
		<combo symbolname="}j" shaping="FC00,,FC97,"></combo>
		<combo symbolname="}H" shaping="FC01,,FC98,"></combo>
		<combo symbolname="}m" shaping="FC02,FC66,FC9A,FCDF"></combo>
		<combo symbolname="}Y" shaping="FC03,FC68,,"></combo>
		<combo symbolname="}y" shaping="FC04,FC69,,"></combo>
		<combo symbolname="bj" shaping="FC05,,FC9C,"></combo>
		<combo symbolname="bH" shaping="FC06,,FC9D,"></combo>
		<combo symbolname="bx" shaping="FC07,,FC9E,"></combo>
		<combo symbolname="bm" shaping="FC08,FC6C,FC9F,FCE1"></combo>
		<combo symbolname="bY" shaping="FC09,FC6E,,"></combo>
		<combo symbolname="by" shaping="FC0A,FC6F,,"></combo>
		<combo symbolname="tj" shaping="FC0B,,FCA1,"></combo>
		<combo symbolname="tH" shaping="FC0C,,FCA2,"></combo>
		<combo symbolname="tx" shaping="FC0D,,FCA3,"></combo>
		<combo symbolname="tm" shaping="FC0E,FC72,FCA4,FCE3"></combo>
		<combo symbolname="tY" shaping="FC0F,FC74,,"></combo>
		<combo symbolname="ty" shaping="FC10,FC75,,"></combo>
		<combo symbolname="vj" shaping="FC11,,,"></combo>
		<combo symbolname="vm" shaping="FC12,FC78,FCA6,FCE5"></combo>
		<combo symbolname="vY" shaping="FC13,FC7A,,"></combo>
		<combo symbolname="vy" shaping="FC14,FC7B,,"></combo>
		<combo symbolname="jH" shaping="FC15,,FCA7,"></combo>
		<combo symbolname="jm" shaping="FC16,,FCA8,"></combo>
		<combo symbolname="Hj" shaping="FC17,,FCA9,"></combo>
		<combo symbolname="Hm" shaping="FC18,,FCAA,"></combo>
		<combo symbolname="xj" shaping="FC19,,FCAB,"></combo>
		<combo symbolname="xH" shaping="FC1A,,,"></combo>
		<combo symbolname="xm" shaping="FC1B,,FCAC,"></combo>
		<combo symbolname="sj" shaping="FC1C,,FCAD,FD34"></combo>
		<combo symbolname="sH" shaping="FC1D,,FCAE,FD35"></combo>
		<combo symbolname="sx" shaping="FC1E,,FCAF,FD36"></combo>
		<combo symbolname="sm" shaping="FC1F,,FCB0,FCE7"></combo>
		<combo symbolname="SH" shaping="FC20,,FCB1,"></combo>
		<combo symbolname="Sm" shaping="FC21,,FCB3,"></combo>
		<combo symbolname="Dj" shaping="FC22,,FCB4,"></combo>
		<combo symbolname="DH" shaping="FC23,,FCB5,"></combo>
		<combo symbolname="Dx" shaping="FC24,,FCB6,"></combo>
		<combo symbolname="Dm" shaping="FC25,,FCB7,"></combo>
		<combo symbolname="TH" shaping="FC26,,FCB8,"></combo>
		<combo symbolname="Tm" shaping="FC27,,FD33,FD3A"></combo>
		<combo symbolname="Zm" shaping="FC28,,FCB9,FD3B"></combo>
		<combo symbolname="Ej" shaping="FC29,,FCBA,"></combo>
		<combo symbolname="Em" shaping="FC2A,,FCBB,"></combo>
		<combo symbolname="gj" shaping="FC2B,,FCBC,"></combo>
		<combo symbolname="gm" shaping="FC2C,,FCBD,"></combo>
		<combo symbolname="fj" shaping="FC2D,,FCBE,"></combo>
		<combo symbolname="fH" shaping="FC2E,,FCBF,"></combo>
		<combo symbolname="fx" shaping="FC2F,,FCC0,"></combo>
		<combo symbolname="fm" shaping="FC30,,FCC1,"></combo>
		<combo symbolname="fY" shaping="FC31,FC7C,,"></combo>
		<combo symbolname="fy" shaping="FC32,FC7D,,"></combo>
		<combo symbolname="qH" shaping="FC33,,FCC2,"></combo>
		<combo symbolname="qm" shaping="FC34,,FCC3,"></combo>
		<combo symbolname="qY" shaping="FC35,FC7E,,"></combo>
		<combo symbolname="qy" shaping="FC36,FC7F,,"></combo>
		<combo symbolname="kA" shaping="FC37,FC80,,"></combo>
		<combo symbolname="kj" shaping="FC38,,FCC4,"></combo>
		<combo symbolname="kH" shaping="FC39,,FCC5,"></combo>
		<combo symbolname="kx" shaping="FC3A,,FCC6,"></combo>
		<combo symbolname="kl" shaping="FC3B,FC81,FCC7,FCEB"></combo>
		<combo symbolname="km" shaping="FC3C,FC82,FCC8,FCEC"></combo>
		<combo symbolname="kY" shaping="FC3D,FC83,,"></combo>
		<combo symbolname="ky" shaping="FC3E,FC84,,"></combo>
		<combo symbolname="lj" shaping="FC3F,,FCC9,"></combo>
		<combo symbolname="lH" shaping="FC40,,FCCA,"></combo>
		<combo symbolname="lx" shaping="FC41,,FCCB,"></combo>
		<combo symbolname="lm" shaping="FC42,FC85,FCCC,FCED"></combo>
		<combo symbolname="lY" shaping="FC43,FC86,,"></combo>
		<combo symbolname="ly" shaping="FC44,FC87,,"></combo>
		<combo symbolname="mj" shaping="FC45,,FCCE,"></combo>
		<combo symbolname="mH" shaping="FC46,,FCCF,"></combo>
		<combo symbolname="mx" shaping="FC47,,FCD0,"></combo>
		<combo symbolname="mm" shaping="FC48,FC89,FCD1,"></combo>
		<combo symbolname="mY" shaping="FC49,,,"></combo>
		<combo symbolname="my" shaping="FC4A,,,"></combo>
		<combo symbolname="nj" shaping="FC4B,,FCD2,"></combo>
		<combo symbolname="nH" shaping="FC4C,,FCD3,"></combo>
		<combo symbolname="nx" shaping="FC4D,,FCD4,"></combo>
		<combo symbolname="nm" shaping="FC4E,FC8C,FCD5,FCEE"></combo>
		<combo symbolname="nY" shaping="FC4F,FC8E,,"></combo>
		<combo symbolname="ny" shaping="FC50,FC8F,,"></combo>
		<combo symbolname="hj" shaping="FC51,,FCD7,"></combo>
		<combo symbolname="hm" shaping="FC52,,FCD8,"></combo>
		<combo symbolname="hY" shaping="FC53,,,"></combo>
		<combo symbolname="hy" shaping="FC54,,,"></combo>
		<combo symbolname="yj" shaping="FC55,,FCDA,"></combo>
		<combo symbolname="yH" shaping="FC56,,FCDB,"></combo>
		<combo symbolname="yx" shaping="FC57,,FCDC,"></combo>
		<combo symbolname="ym" shaping="FC58,FC94,FCDD,FCF0"></combo>
		<combo symbolname="yY" shaping="FC59,FC95,,"></combo>
		<combo symbolname="yy" shaping="FC5A,FC96,,"></combo>
		<combo symbolname="*`" shaping="FC5B,,,"></combo>
		<combo symbolname="r`" shaping="FC5C,,,"></combo>
		<combo symbolname="Y`" shaping="FC5D,FC90,,"></combo>
		<combo symbolname="~N" shaping="FC5E,,,"></combo>
		<combo symbolname="~K" shaping="FC5F,,,"></combo>
		<combo symbolname="~a" shaping="FC60,,,"></combo>
		<combo symbolname="~u" shaping="FC61,,,"></combo>
		<combo symbolname="~i" shaping="FC62,,,"></combo>
		<combo symbolname="_~a" shaping=",,,FCF2"></combo>
		<combo symbolname="_~u" shaping=",,,FCF3"></combo>
		<combo symbolname="_~i" shaping=",,,FCF4"></combo>
		<combo symbolname="~`" shaping="FC63,,,"></combo>
		<combo symbolname="}r" shaping=",FC64,,"></combo>
		<combo symbolname="}z" shaping=",FC65,,"></combo>
		<combo symbolname="}n" shaping=",FC67,,"></combo>
		<combo symbolname="br" shaping=",FC6A,,"></combo>
		<combo symbolname="bz" shaping=",FC6B,,"></combo>
		<combo symbolname="bn" shaping=",FC6D,,"></combo>
		<combo symbolname="tr" shaping=",FC70,,"></combo>
		<combo symbolname="tz" shaping=",FC71,,"></combo>
		<combo symbolname="tn" shaping=",FC73,,"></combo>
		<combo symbolname="vr" shaping=",FC76,,"></combo>
		<combo symbolname="vz" shaping=",FC77,,"></combo>
		<combo symbolname="vn" shaping=",FC79,,"></combo>
		<combo symbolname="mA" shaping=",FC88,,"></combo>
		<combo symbolname="nr" shaping=",FC8A,,"></combo>
		<combo symbolname="nz" shaping=",FC8B,,"></combo>
		<combo symbolname="nn" shaping=",FC8D,,"></combo>
		<combo symbolname="yr" shaping=",FC91,,"></combo>
		<combo symbolname="yz" shaping=",FC92,,"></combo>
		<combo symbolname="yn" shaping=",FC93,,"></combo>
		<combo symbolname="}x" shaping=",,FC99,"></combo>
		<combo symbolname="}h" shaping=",,FC9B,FCE0"></combo>
		<combo symbolname="bh" shaping=",,FCA0,FCE2"></combo>
		<combo symbolname="th" shaping=",,FCA5,FCE4"></combo>
		<combo symbolname="Sx" shaping=",,FCB2,"></combo>
		<combo symbolname="lh" shaping=",,FCCD,"></combo>
		<combo symbolname="nh" shaping=",,FCD6,FCEF"></combo>
		<combo symbolname="h`" shaping=",,FCD9,"></combo>
		<combo symbolname="yh" shaping=",,FCDE,FCF1"></combo>
		<combo symbolname="vh" shaping=",,,FCE6"></combo>
		<combo symbolname="sh" shaping=",,FD31,FCE8"></combo>
		<combo symbolname="$m" shaping="FD0C,FD28,FD30,FCE9"></combo>
		<combo symbolname="$h" shaping=",,FD32,FCEA"></combo>
		<combo symbolname="TY" shaping="FCF5,FD11,,"></combo>
		<combo symbolname="Ty" shaping="FCF6,FD12,,"></combo>
		<combo symbolname="EY" shaping="FCF7,FD13,,"></combo>
		<combo symbolname="Ey" shaping="FCF8,FD14,,"></combo>
		<combo symbolname="gY" shaping="FCF9,FD15,,"></combo>
		<combo symbolname="gy" shaping="FCFA,FD16,,"></combo>
		<combo symbolname="sY" shaping="FCFB,FD17,,"></combo>
		<combo symbolname="sy" shaping="FCFC,FD18,,"></combo>
		<combo symbolname="$Y" shaping="FCFD,FD19,,"></combo>
		<combo symbolname="$y" shaping="FCFE,FD1A,,"></combo>
		<combo symbolname="HY" shaping="FCFF,FD1B,,"></combo>
		<combo symbolname="Hy" shaping="FD00,FD1C,,"></combo>
		<combo symbolname="jY" shaping="FD01,FD1D,,"></combo>
		<combo symbolname="jy" shaping="FD02,FD1E,,"></combo>
		<combo symbolname="xY" shaping="FD03,FD1F,,"></combo>
		<combo symbolname="xy" shaping="FD04,FD20,,"></combo>
		<combo symbolname="SY" shaping="FD05,FD21,,"></combo>
		<combo symbolname="Sy" shaping="FD06,FD22,,"></combo>
		<combo symbolname="DY" shaping="FD07,FD23,,"></combo>
		<combo symbolname="Dy" shaping="FD08,FD24,,"></combo>
		<combo symbolname="$j" shaping="FD09,FD25,FD2D,FD37"></combo>
		<combo symbolname="$H" shaping="FD0A,FD26,FD2E,FD38"></combo>
		<combo symbolname="$x" shaping="FD0B,FD27,FD2F,FD39"></combo>
		<combo symbolname="$r" shaping="FD0D,FD29,,"></combo>
		<combo symbolname="sr" shaping="FD0E,FD2A,,"></combo>
		<combo symbolname="Sr" shaping="FD0F,FD2B,,"></combo>
		<combo symbolname="Dr" shaping="FD10,FD2C,,"></combo>
		<combo symbolname="AF" shaping="FD3D,FD3C,,"></combo>
		<combo symbolname="tjm" shaping=",,FD50,"></combo>
		<combo symbolname="tHj" shaping=",FD51,FD52,"></combo>
		<combo symbolname="tHm" shaping=",,FD53,"></combo>
		<combo symbolname="txm" shaping=",,FD54,"></combo>
		<combo symbolname="tmj" shaping=",,FD55,"></combo>
		<combo symbolname="tmH" shaping=",,FD56,"></combo>
		<combo symbolname="tmx" shaping=",,FD57,"></combo>
		<combo symbolname="jmH" shaping=",FD58,FD59,"></combo>
		<combo symbolname="Hmy" shaping=",FD5A,,"></combo>
		<combo symbolname="HmY" shaping=",FD5B,,"></combo>
		<combo symbolname="sHj" shaping=",,FD5C,"></combo>
		<combo symbolname="sjH" shaping=",,FD5D,"></combo>
		<combo symbolname="sjY" shaping=",FD5E,,"></combo>
		<combo symbolname="smH" shaping=",FD5F,FD60,"></combo>
		<combo symbolname="smj" shaping=",,FD61,"></combo>
		<combo symbolname="smm" shaping=",FD62,FD63,"></combo>
		<combo symbolname="SHH" shaping=",FD64,FD65,"></combo>
		<combo symbolname="Smm" shaping=",FD66,FDC5,"></combo>
		<combo symbolname="$Hm" shaping=",FD67,FD68,"></combo>
		<combo symbolname="$jy" shaping=",FD69,,"></combo>
		<combo symbolname="$mx" shaping=",FD6A,FD6B,"></combo>
		<combo symbolname="$mm" shaping=",FD6C,FD6D,"></combo>
		<combo symbolname="DHY" shaping=",FD6E,,"></combo>
		<combo symbolname="Dxm" shaping=",FD6F,FD70,"></combo>
		<combo symbolname="TmH" shaping=",FD71,FD72,"></combo>
		<combo symbolname="Tmm" shaping=",,FD73,"></combo>
		<combo symbolname="Tmy" shaping=",FD74,,"></combo>
		<combo symbolname="Ejm" shaping=",FD75,FDC4,"></combo>
		<combo symbolname="Emm" shaping=",FD76,FD77,"></combo>
		<combo symbolname="EmY" shaping=",FD78,,"></combo>
		<combo symbolname="gmm" shaping=",FD79,,"></combo>
		<combo symbolname="gmy" shaping=",FD7A,,"></combo>
		<combo symbolname="gmY" shaping=",FD7B,,"></combo>
		<combo symbolname="fxm" shaping=",FD7C,FD7D,"></combo>
		<combo symbolname="qmH" shaping=",FD7E,FDB4,"></combo>
		<combo symbolname="qmm" shaping=",FD7F,,"></combo>
		<combo symbolname="lHm" shaping=",FD80,FDB5,"></combo>
		<combo symbolname="lHy" shaping=",FD81,,"></combo>
		<combo symbolname="lHY" shaping=",FD82,,"></combo>
		<combo symbolname="ljj" shaping=",FD84,FD83,"></combo>
		<combo symbolname="lxm" shaping=",FD85,FD86,"></combo>
		<combo symbolname="lmH" shaping=",FD87,FD88,"></combo>
		<combo symbolname="mHj" shaping=",,FD89,"></combo>
		<combo symbolname="mHm" shaping=",,FD8A,"></combo>
		<combo symbolname="mHy" shaping=",FD8B,,"></combo>
		<combo symbolname="mjH" shaping=",,FD8C,"></combo>
		<combo symbolname="mjm" shaping=",,FD8D,"></combo>
		<combo symbolname="mxj" shaping=",,FD8E,"></combo>
		<combo symbolname="mxm" shaping=",,FD8F,"></combo>
		<combo symbolname="mjx" shaping=",,FD92,"></combo>
		<combo symbolname="hmj" shaping=",,FD93,"></combo>
		<combo symbolname="hmm" shaping=",,FD94,"></combo>
		<combo symbolname="nHm" shaping=",,FD95,"></combo>
		<combo symbolname="nHY" shaping=",FD96,,"></combo>
		<combo symbolname="njm" shaping=",FD97,FD98,"></combo>
		<combo symbolname="njY" shaping=",FD99,,"></combo>
		<combo symbolname="nmy" shaping=",FD9A,,"></combo>
		<combo symbolname="nmY" shaping=",FD9B,,"></combo>
		<combo symbolname="ymm" shaping=",FD9C,FD9D,"></combo>
		<combo symbolname="bxy" shaping=",FD9E,,"></combo>
		<combo symbolname="tjy" shaping=",FD9F,,"></combo>
		<combo symbolname="tjY" shaping=",FDA0,,"></combo>
		<combo symbolname="txy" shaping=",FDA1,,"></combo>
		<combo symbolname="txY" shaping=",FDA2,,"></combo>
		<combo symbolname="tmy" shaping=",FDA3,,"></combo>
		<combo symbolname="tmY" shaping=",FDA4,,"></combo>
		<combo symbolname="jmy" shaping=",FDA5,,"></combo>
		<combo symbolname="jHY" shaping=",FDA6,,"></combo>
		<combo symbolname="jmY" shaping=",FDA7,,"></combo>
		<combo symbolname="sxY" shaping=",FDA8,,"></combo>
		<combo symbolname="SHy" shaping=",FDA9,,"></combo>
		<combo symbolname="$Hy" shaping=",FDAA,,"></combo>
		<combo symbolname="DHy" shaping=",FDAB,,"></combo>
		<combo symbolname="ljy" shaping=",FDAC,,"></combo>
		<combo symbolname="lmy" shaping=",FDAD,,"></combo>
		<combo symbolname="yHy" shaping=",FDAE,,"></combo>
		<combo symbolname="yjy" shaping=",FDAF,,"></combo>
		<combo symbolname="ymy" shaping=",FDB0,,"></combo>
		<combo symbolname="mmy" shaping=",FDB1,,"></combo>
		<combo symbolname="qmy" shaping=",FDB2,,"></combo>
		<combo symbolname="nHy" shaping=",FDB3,,"></combo>
		<combo symbolname="Emy" shaping=",FDB6,,"></combo>
		<combo symbolname="kmy" shaping=",FDB7,,"></combo>
		<combo symbolname="njH" shaping=",FDBD,FDB8,"></combo>
		<combo symbolname="mxy" shaping=",FDB9,,"></combo>
		<combo symbolname="ljm" shaping=",FDBC,FDBA,"></combo>
		<combo symbolname="kmm" shaping=",FDBB,FDC3,"></combo>
		<combo symbolname="jHy" shaping=",FDBE,,"></combo>
		<combo symbolname="Hjy" shaping=",FDBF,,"></combo>
		<combo symbolname="mjy" shaping=",FDC0,,"></combo>
		<combo symbolname="fmy" shaping=",FDC1,,"></combo>
		<combo symbolname="bHy" shaping=",FDC2,,"></combo>
		<combo symbolname="sxy" shaping=",FDC6,,"></combo>
		<combo symbolname="njy" shaping=",FDC7,,"></combo>
		<combo symbolname="Sly" shaping="FDF0,,,"></combo>
		<combo symbolname="qlY" shaping="FDF1,,,"></combo>
		<combo symbolname="Allh" shaping="FDF2,,,"></combo>
		<combo symbolname="Akbr" shaping="FDF3,,,"></combo>
		<combo symbolname="mHmd" shaping="FDF4,,,"></combo>
		<combo symbolname="SlEm" shaping="FDF5,,,"></combo>
		<combo symbolname="rswl" shaping="FDF6,,,"></combo>
		<combo symbolname="Elyh" shaping="FDF7,,,"></combo>
		<combo symbolname="wslm" shaping="FDF8,,,"></combo>
		<combo symbolname="SlY" shaping="FDF9,,,"></combo>
		<combo symbolname="SlY Allh Elyh wslm" shaping="FDFA,,,"></combo>
		<combo symbolname="jl jlAlh" shaping="FDFB,,,"></combo>
		<combo symbolname="ryAl" shaping="FDFC,,,"></combo>
	</arabiccombos>
	<arabicletters>
		<arabicsymbol symbolname="hamozapN" uname="ArabicLetterHamza" symbol="0621" shaping="FE80,,," ipavalue="?" extendedbuckwalter="39" terminating="true" connecting="false" assimilate="false" />
		<arabicsymbol symbolname="&gt;alifN mad~apN" uname="ArabicLetterAlefWithMaddaAbove" symbol="0622" shaping="FE81,FE82,," ipavalue="?a:" extendedbuckwalter="124" terminating="true" connecting="true" assimilate="false" />
		<arabicsymbol symbolname="&gt;alifN hamozapN qaToE" uname="ArabicLetterAlefWithHamzaAbove" symbol="0623" shaping="FE83,FE84,," ipavalue="?" extendedbuckwalter="62" terminating="true" connecting="true" assimilate="false" />
		<arabicsymbol symbolname="waAwN hamozapN" uname="ArabicLetterWawWithHamzaAbove" symbol="0624" shaping="FE85,FE86,," ipavalue="?" extendedbuckwalter="38" terminating="true" connecting="true" assimilate="false" />
		<arabicsymbol symbolname="&gt;alifN hamozapN" uname="ArabicLetterAlefWithHamzaBelow" symbol="0625" shaping="FE87,FE88,," ipavalue="?" extendedbuckwalter="60" terminating="true" connecting="true" assimilate="false" />
		<arabicsymbol symbolname="yaA^&apos;N hamozapN" uname="ArabicLetterYehWithHamzaAbove" symbol="0626" shaping="FE89,FE8A,FE8B,FE8C" ipavalue="?" extendedbuckwalter="125" terminating="false" connecting="true" assimilate="false" />
		<arabicsymbol symbolname="&gt;alifN" uname="ArabicLetterAlef" symbol="0627" shaping="FE8D,FE8E,," ipavalue="a:" extendedbuckwalter="65" terminating="true" connecting="true" assimilate="false" />
		<arabicsymbol symbolname="baA^&apos;N" uname="ArabicLetterBeh" symbol="0628" shaping="FE8F,FE90,FE91,FE92" ipavalue="b" extendedbuckwalter="98" terminating="false" connecting="true" assimilate="false" />
		<arabicsymbol symbolname="taA^&apos;N marobuwTapN" uname="ArabicLetterTehMarbuta" symbol="0629" shaping="FE93,FE94,," ipavalue="a|at" extendedbuckwalter="112" terminating="true" connecting="true" assimilate="false" />
		<arabicsymbol symbolname="taA^&apos;N" uname="ArabicLetterTeh" symbol="062A" shaping="FE95,FE96,FE97,FE98" ipavalue="t" extendedbuckwalter="116" terminating="false" connecting="true" assimilate="true" />
		<arabicsymbol symbolname="vaA^&apos;N" uname="ArabicLetterTheh" symbol="062B" shaping="FE99,FE9A,FE9B,FE9C" ipavalue="?" extendedbuckwalter="118" terminating="false" connecting="true" assimilate="true" />
		<arabicsymbol symbolname="jiymN" uname="ArabicLetterJeem" symbol="062C" shaping="FE9D,FE9E,FE9F,FEA0" ipavalue="?" extendedbuckwalter="106" terminating="false" connecting="true" assimilate="false" />
		<arabicsymbol symbolname="HaA^&apos;N" uname="ArabicLetterHah" symbol="062D" shaping="FEA1,FEA2,FEA3,FEA4" ipavalue="h" extendedbuckwalter="72" terminating="false" connecting="true" assimilate="false" />
		<arabicsymbol symbolname="xaA^&apos;N" uname="ArabicLetterKhah" symbol="062E" shaping="FEA5,FEA6,FEA7,FEA8" ipavalue="??" extendedbuckwalter="120" terminating="false" connecting="true" assimilate="false" />
		<arabicsymbol symbolname="daAlN" uname="ArabicLetterDal" symbol="062F" shaping="FEA9,FEAA,," ipavalue="d" extendedbuckwalter="100" terminating="true" connecting="true" assimilate="true" />
		<arabicsymbol symbolname="*aAlN" uname="ArabicLetterThal" symbol="0630" shaping="FEAB,FEAC,," ipavalue="ð" extendedbuckwalter="42" terminating="true" connecting="true" assimilate="true" />
		<arabicsymbol symbolname="raA^&apos;N" uname="ArabicLetterReh" symbol="0631" shaping="FEAD,FEAE,," ipavalue="??" extendedbuckwalter="114" terminating="true" connecting="true" assimilate="true" />
		<arabicsymbol symbolname="zaA^}iy~N" uname="ArabicLetterZain" symbol="0632" shaping="FEAF,FEB0,," ipavalue="z" extendedbuckwalter="122" terminating="true" connecting="true" assimilate="true" />
		<arabicsymbol symbolname="siynN" uname="ArabicLetterSeen" symbol="0633" shaping="FEB1,FEB2,FEB3,FEB4" ipavalue="s" extendedbuckwalter="115" terminating="false" connecting="true" assimilate="true" />
		<arabicsymbol symbolname="$iynN" uname="ArabicLetterSheen" symbol="0634" shaping="FEB5,FEB6,FEB7,FEB8" ipavalue="?" extendedbuckwalter="36" terminating="false" connecting="true" assimilate="true" />
		<arabicsymbol symbolname="SaAdN" uname="ArabicLetterSad" symbol="0635" shaping="FEB9,FEBA,FEBB,FEBC" ipavalue="s?" extendedbuckwalter="83" terminating="false" connecting="true" assimilate="true" />
		<arabicsymbol symbolname="DaAdN" uname="ArabicLetterDad" symbol="0636" shaping="FEBD,FEBE,FEBF,FEC0" ipavalue="??" extendedbuckwalter="68" terminating="false" connecting="true" assimilate="true" />
		<arabicsymbol symbolname="TaA^&apos;N" uname="ArabicLetterTah" symbol="0637" shaping="FEC1,FEC2,FEC3,FEC4" ipavalue="t?" extendedbuckwalter="84" terminating="false" connecting="true" assimilate="true" />
		<arabicsymbol symbolname="ZaA^&apos;N" uname="ArabicLetterZah" symbol="0638" shaping="FEC5,FEC6,FEC7,FEC8" ipavalue="ð?" extendedbuckwalter="90" terminating="false" connecting="true" assimilate="true" />
		<arabicsymbol symbolname="EayonN" uname="ArabicLetterAin" symbol="0639" shaping="FEC9,FECA,FECB,FECC" ipavalue="?" extendedbuckwalter="69" terminating="false" connecting="true" assimilate="false" />
		<arabicsymbol symbolname="gayonN" uname="ArabicLetterGhain" symbol="063A" shaping="FECD,FECE,FECF,FED0" ipavalue="??" extendedbuckwalter="103" terminating="false" connecting="true" assimilate="false" />
		<arabicsymbol symbolname="taTowiylN" uname="ArabicTatweel" symbol="0640" ipavalue="" extendedbuckwalter="95" terminating="false" connecting="true" assimilate="false" />
		<arabicsymbol symbolname="faA^&apos;N" uname="ArabicLetterFeh" symbol="0641" shaping="FED1,FED2,FED3,FED4" ipavalue="f" extendedbuckwalter="102" terminating="false" connecting="true" assimilate="false" />
		<arabicsymbol symbolname="qaAfN" uname="ArabicLetterQaf" symbol="0642" shaping="FED5,FED6,FED7,FED8" ipavalue="q?" extendedbuckwalter="113" terminating="false" connecting="true" assimilate="false" />
		<arabicsymbol symbolname="kaAfN" uname="ArabicLetterKaf" symbol="0643" shaping="FED9,FEDA,FEDB,FEDC" ipavalue="k" extendedbuckwalter="107" terminating="false" connecting="true" assimilate="false" />
		<arabicsymbol symbolname="la&apos;aAmN" uname="ArabicLetterLam" symbol="0644" shaping="FEDD,FEDE,FEDF,FEE0" ipavalue="l|l?" extendedbuckwalter="108" terminating="false" connecting="true" assimilate="true" />
		<arabicsymbol symbolname="miymN" uname="ArabicLetterMeem" symbol="0645" shaping="FEE1,FEE2,FEE3,FEE4" ipavalue="m" extendedbuckwalter="109" terminating="false" connecting="true" assimilate="false" />
		<arabicsymbol symbolname="nuwnN" uname="ArabicLetterNoon" symbol="0646" shaping="FEE5,FEE6,FEE7,FEE8" ipavalue="n" extendedbuckwalter="110" terminating="false" connecting="true" assimilate="true" />
		<arabicsymbol symbolname="haA^&apos;N" uname="ArabicLetterHeh" symbol="0647" shaping="FEE9,FEEA,FEEB,FEEC" ipavalue="h" extendedbuckwalter="104" terminating="false" connecting="true" assimilate="false" />
		<arabicsymbol symbolname="waAwN" uname="ArabicLetterWaw" symbol="0648" shaping="FEED,FEEE,," ipavalue="w" extendedbuckwalter="119" terminating="true" connecting="true" assimilate="false" />
		<arabicsymbol symbolname="&gt;alifN maqoSuwrapN" uname="ArabicLetterAlefMaksura" symbol="0649" shaping="FEEF,FEF0,," ipavalue="a:" extendedbuckwalter="89" terminating="true" connecting="true" assimilate="false" />
		<arabicsymbol symbolname="yaA^&apos;N" uname="ArabicLetterYeh" symbol="064A" shaping="FEF1,FEF2,FEF3,FEF4" ipavalue="j" extendedbuckwalter="121" terminating="false" connecting="true" assimilate="false" />
		<arabicsymbol symbolname="tanowiynN fatoHapN" uname="ArabicFathatan" symbol="064B" shaping="FE70,,," ipavalue="an" extendedbuckwalter="70" terminating="true" connecting="false" assimilate="false" />
		<arabicsymbol symbolname="tanowiynN Dam~apN" uname="ArabicDammatan" symbol="064C" shaping="FE72,,," ipavalue="un" extendedbuckwalter="78" terminating="true" connecting="false" assimilate="false" />
		<arabicsymbol symbolname="tanowiynN kasorapN" uname="ArabicKasratan" symbol="064D" shaping="FE74,,," ipavalue="in" extendedbuckwalter="75" terminating="true" connecting="false" assimilate="false" />
		<arabicsymbol symbolname="fatoHapN" uname="ArabicFatha" symbol="064E" shaping="FE76,,," ipavalue="a" extendedbuckwalter="97" terminating="false" connecting="false" assimilate="false" />
		<arabicsymbol symbolname="Dam~apN" uname="ArabicDamma" symbol="064F" shaping="FE78,,," ipavalue="u" extendedbuckwalter="117" terminating="false" connecting="false" assimilate="false" />
		<arabicsymbol symbolname="kasorapN" uname="ArabicKasra" symbol="0650" shaping="FE7A,,," ipavalue="i" extendedbuckwalter="105" terminating="false" connecting="false" assimilate="false" />
		<arabicsymbol symbolname="$ad~apN" uname="ArabicShadda" symbol="0651" shaping="FE7C,,," ipavalue="" extendedbuckwalter="126" terminating="false" connecting="false" assimilate="false" />
		<arabicsymbol symbolname="sukuwnN" uname="ArabicSukun" symbol="0652" shaping="FE7E,,," ipavalue="Ø" extendedbuckwalter="111" terminating="false" connecting="false" assimilate="false" />
		<arabicsymbol symbolname="mad~apN" uname="ArabicMaddahAbove" symbol="0653" ipavalue="" extendedbuckwalter="94" terminating="false" connecting="false" assimilate="false" />
		<arabicsymbol symbolname="hamozapN" uname="ArabicHamzaAbove" symbol="0654" ipavalue="?|e" extendedbuckwalter="35" terminating="false" connecting="false" assimilate="false" />
		<arabicsymbol symbolname="hamozapN" uname="ArabicHamzaBelow" symbol="0655" ipavalue="?" extendedbuckwalter="88" terminating="false" connecting="false" assimilate="false" />
		<arabicsymbol symbolname="&lt;imaAlapN" uname="ArabicVowelSignDotBelow" symbol="065C" ipavalue="" extendedbuckwalter="87" terminating="false" connecting="false" assimilate="false" />
		<arabicsymbol symbolname="SiforN" uname="ArabicIndicDigitZero" symbol="0660" ipavalue="" extendedbuckwalter="48" terminating="true" connecting="false" assimilate="false" />
		<arabicsymbol symbolname="waAHidN" uname="ArabicIndicDigitOne" symbol="0661" ipavalue="" extendedbuckwalter="49" terminating="true" connecting="false" assimilate="false" />
		<arabicsymbol symbolname="&lt;ivonaAnN" uname="ArabicIndicDigitTwo" symbol="0662" ipavalue="" extendedbuckwalter="50" terminating="true" connecting="false" assimilate="false" />
		<arabicsymbol symbolname="valaAvapN" uname="ArabicIndicDigitThree" symbol="0663" ipavalue="" extendedbuckwalter="51" terminating="true" connecting="false" assimilate="false" />
		<arabicsymbol symbolname="&gt;arobaEapN" uname="ArabicIndicDigitFour" symbol="0664" ipavalue="" extendedbuckwalter="52" terminating="true" connecting="false" assimilate="false" />
		<arabicsymbol symbolname="xamosapN" uname="ArabicIndicDigitFive" symbol="0665" ipavalue="" extendedbuckwalter="53" terminating="true" connecting="false" assimilate="false" />
		<arabicsymbol symbolname="sit~apN" uname="ArabicIndicDigitSix" symbol="0666" ipavalue="" extendedbuckwalter="54" terminating="true" connecting="false" assimilate="false" />
		<arabicsymbol symbolname="saboEapN" uname="ArabicIndicDigitSeven" symbol="0667" ipavalue="" extendedbuckwalter="55" terminating="true" connecting="false" assimilate="false" />
		<arabicsymbol symbolname="vamaAnoyapN" uname="ArabicIndicDigitEight" symbol="0668" ipavalue="" extendedbuckwalter="56" terminating="true" connecting="false" assimilate="false" />
		<arabicsymbol symbolname="tisoEapN" uname="ArabicIndicDigitNine" symbol="0669" ipavalue="" extendedbuckwalter="57" terminating="true" connecting="false" assimilate="false" />
		<arabicsymbol symbolname="&gt;alifN xanjariyapN" uname="ArabicLetterSuperscriptAlef" symbol="0670" ipavalue="a:" extendedbuckwalter="96" terminating="false" connecting="false" assimilate="false" />
		<arabicsymbol symbolname="&gt;alifN hamozapN waSolN" uname="ArabicLetterAlefWasla" symbol="0671" shaping="FB50,FB51,," ipavalue="" extendedbuckwalter="123" terminating="true" connecting="true" assimilate="false" />
		<arabicsymbol symbolname="nuwnN gun~apN" uname="ArabicLetterNoonGhunna" symbol="06BA" shaping="FB9E,FB9F,," ipavalue="n" extendedbuckwalter="0" terminating="false" connecting="true" assimilate="true" />
		<arabicsymbol symbolname="yaA^&apos;N bar~iYN" uname="ArabicLetterYehBarree" symbol="06D2" shaping="FBAE,FBAF,," ipavalue="j" extendedbuckwalter="0" terminating="false" connecting="true" assimilate="true" />
		<arabicsymbol symbolname="yaA^&apos;N bar~iYN hamozapN" uname="ArabicLetterYehBarreeWithHamzaAbove" symbol="06D3" shaping="FBB0,FBB1,," ipavalue="?" extendedbuckwalter="0" terminating="false" connecting="true" assimilate="true" />		
		<arabicsymbol symbolname="&lt;imaAlapN" uname="Bullet" symbol="2022" shaping="" ipavalue="" extendedbuckwalter="85" terminating="false" connecting="true" assimilate="true" />
		<!-- ARABIC VOWEL SIGN DOT LEFT not yet in Unicode - Instead of bullet can use combining symbol in wrong character range: 302E Hangul single dot tone mark
			 ARABIC VOWEL SIGN DOT BELOW LEFT not yet in Unicode
			 20E5 COMBINING REVERSE SOLIDUS OVERLAY could be used for Superscript Alef over Lams
			 0335 CombiningShortStrokeOverlay -->

		<arabicsymbol symbolname="tufiydu bi&gt;an~a {lowaSola &gt;awolaY maEa jawaAzK {lowaqufi" uname="ArabicSmallHighLigatureSadWithLamWithAlefMaksura" symbol="06D6" ipavalue="" extendedbuckwalter="76" terminating="false" connecting="false" assimilate="false" />
		<arabicsymbol symbolname="tafiydu bi&gt;an~a {lowaqufa &gt;awolaY" uname="ArabicSmallHighLigatureQafWithLamWithAlefMaksura" symbol="06D7" ipavalue="" extendedbuckwalter="81" terminating="false" connecting="false" assimilate="false" />
		<arabicsymbol symbolname="tufiydu lazuwma {lowaqufi" uname="ArabicSmallHighMeemInitialForm" symbol="06D8" ipavalue="" extendedbuckwalter="77" terminating="false" connecting="false" assimilate="false" />
		<arabicsymbol symbolname="tufiydu {ln~ahoya Eani {lowaqufi" uname="ArabicSmallHighLamAlef" symbol="06D9" ipavalue="" extendedbuckwalter="73" terminating="false" connecting="false" assimilate="false" />
		<arabicsymbol symbolname="tufiydu jawaAza {lowaqufa" uname="ArabicSmallHighJeem" symbol="06DA" ipavalue="" extendedbuckwalter="67" terminating="false" connecting="false" assimilate="false" />
		<arabicsymbol symbolname="tufiydu jawaAza {lowaqufi bi&gt;aHadi {lomuwaDiEayon waliysa fiy kilayohimaA" uname="ArabicSmallHighThreeDots" symbol="06DB" ipavalue="" extendedbuckwalter="79" terminating="false" connecting="false" assimilate="false" />
		<arabicsymbol symbolname="lild~ilaAlapi EalaY wujuwbi {ln~uToqi baAls~iynK badali {lS~aAdi waA*aA wuDoEato bi{lo&gt;asofali fa{ln~uToqu baAlS~aAdi ma$ohuwr" uname="ArabicSmallHighSeen" symbol="06DC" ipavalue="" extendedbuckwalter="58" terminating="false" connecting="false" assimilate="false" />
		<arabicsymbol symbolname="lild~ilaAlapi EalaY bihaA bapi {lo&apos;aAyapi waraqamuhaA" uname="ArabicEndOfAyah" symbol="06DD" ipavalue="" extendedbuckwalter="61" terminating="false" connecting="false" assimilate="false" />
		<arabicsymbol symbolname="lild~ilaAlapi EalaY lild~ilaAlapi EalaY bidaA^}api {lo&gt;ajozaA^&apos;i wa{lo&gt;aHozaAbi waAnDaA fihaA wa&gt;arobaA EihaA" uname="ArabicStartOfRubElHizb" symbol="06DE" ipavalue="" extendedbuckwalter="66" terminating="false" connecting="false" assimilate="false" />
		<arabicsymbol symbolname="lild~ilaAlapi EalaY sukuwni {loHarofi" uname="ArabicSmallHighRoundedZero" symbol="06DF" ipavalue="" extendedbuckwalter="64" terminating="false" connecting="false" assimilate="false" />
		<arabicsymbol symbolname="" uname="ArabicSmallHighUprightRectangularZero" symbol="06E0" ipavalue="" extendedbuckwalter="34" terminating="false" connecting="false" assimilate="false" />
		<arabicsymbol symbolname="lild~ilaAlapi EalaY wujuwdi {lo&lt;iqolaAbi" uname="ArabicSmallHighMeemIsolatedForm" symbol="06E2" ipavalue="" extendedbuckwalter="91" terminating="false" connecting="false" assimilate="false" />
		<arabicsymbol symbolname="lild~ilaAlapi EalaY wujuwbi {ln~uToqi bils~iyni badoli {lD~aAdi waA*aA wuDoEato bi{lo&gt;asofali fa{ln~uToqu bilD~aAdi ma$ohuwr" uname="ArabicSmallLowSeen" symbol="06E3" ipavalue="" extendedbuckwalter="59" terminating="false" connecting="false" assimilate="false" />
		<arabicsymbol symbolname="lild~ilaAlapi EalaY wujuwbi {ln~uToqi biHuruwfi {lt~ruwkapi" uname="ArabicSmallWaw" symbol="06E5" ipavalue="" extendedbuckwalter="44" terminating="false" connecting="false" assimilate="false" />
		<arabicsymbol symbolname="lild~ilaAlapi EalaY wujuwbi {ln~uToqi biHuruwfi {lt~ruwkapi" uname="ArabicSmallYeh" symbol="06E6" ipavalue="" extendedbuckwalter="46" terminating="false" connecting="false" assimilate="false" />
		<arabicsymbol symbolname="lild~ilaAlapi EalaY wujuwbi {ln~uToqi bihaA" uname="ArabicSmallHighNoon" symbol="06E8" ipavalue="" extendedbuckwalter="33" terminating="false" connecting="false" assimilate="false" />
		<arabicsymbol symbolname="lild~ilaAlapi EalaY mawoDiEi {ls~ujuwdi\, &gt;amaAkilomapN wujuwbi {ls~ujuwdi faqado wuDoEa fawoqahaA xaTo" uname="ArabicPlaceOfSajdah" symbol="06E9" ipavalue="" extendedbuckwalter="82" terminating="false" connecting="false" assimilate="false" />
		<arabicsymbol symbolname="lild~ilaAlapi EalaY ziyaAdapN {loHarofu Hiyna {lowaSol" uname="ArabicEmptyCentreLowStop" symbol="06EA" ipavalue="" extendedbuckwalter="45" terminating="false" connecting="false" assimilate="false" />
		<arabicsymbol symbolname="lild~ilaAlapi EalaY ziyaAdapN {loHarofu waEadamu {ln~uToqi bihi" uname="ArabicEmptyCentreHighStop" symbol="06EB" ipavalue="" extendedbuckwalter="43" terminating="false" connecting="false" assimilate="false" />
		<arabicsymbol symbolname="lild~ilaAlapi EalaY {lt~asohiyli" uname="ArabicRoundedHighStopWithFilledCentre" symbol="06EC" ipavalue="" extendedbuckwalter="37" terminating="false" connecting="false" assimilate="false" />
		<arabicsymbol symbolname="miymN" uname="ArabicSmallLowMeem" symbol="06ED" ipavalue="" extendedbuckwalter="93" terminating="false" connecting="false" assimilate="false" />

		<arabicsymbol symbolname="{lv~alaAv" uname="Space" symbol="0020" ipavalue="" extendedbuckwalter="32" terminating="false" connecting="false" assimilate="false" />

		<arabicsymbol symbolname="Ealamapu taEaj~ubN" uname="ExclamationMark" symbol="0021" ipavalue="" extendedbuckwalter="0" terminating="true" connecting="false" assimilate="false" />
		<arabicsymbol symbolname="faArizapN {qotibaAsN" uname="QuotationMark" symbol="0022" ipavalue="" extendedbuckwalter="0" terminating="true" connecting="false" assimilate="false" />
		<arabicsymbol symbolname="faArizapN" uname="Comma" symbol="002C" ipavalue="" extendedbuckwalter="0" terminating="true" connecting="false" assimilate="false" />
		<arabicsymbol symbolname="xaTN" uname="HyphenMinus" symbol="002D" ipavalue="" extendedbuckwalter="0" terminating="true" connecting="false" assimilate="false" />
		<arabicsymbol symbolname="nuqoTapN" uname="FullStop" symbol="002E" ipavalue="" extendedbuckwalter="0" terminating="true" connecting="false" assimilate="false" />
		<arabicsymbol symbolname="nutoTataAnN mutaEaAmidataAnN" uname="Colon" symbol="003A" ipavalue="" extendedbuckwalter="0" terminating="true" connecting="false" assimilate="false" />
		<arabicsymbol symbolname="yamiynN biynN qawosiynu" uname="LeftSquareBracket" symbol="005B" ipavalue="" extendedbuckwalter="0" terminating="true" connecting="false" assimilate="false" />
		<arabicsymbol symbolname="yasaArN biynN qawosiynu" uname="RightSquareBracket" symbol="005D" ipavalue="" extendedbuckwalter="0" terminating="true" connecting="false" assimilate="false" />
		<arabicsymbol symbolname="yamiynN qawisN {lomajomuwaEohu" uname="LeftCurlyBracket" symbol="007B" ipavalue="" extendedbuckwalter="0" terminating="true" connecting="false" assimilate="false" />
		<arabicsymbol symbolname="yasaArN qawisN {lomajomuwaEohu" uname="RightCurlyBracket" symbol="007D" ipavalue="" extendedbuckwalter="0" terminating="true" connecting="false" assimilate="false" />
		<arabicsymbol symbolname="{lv~alaAvu" uname="NoBreakSpace" symbol="00A0" ipavalue="" extendedbuckwalter="0" terminating="false" connecting="false" assimilate="false" />
		<arabicsymbol symbolname="yamiynN EalaAmapN {lt~anSiySu" uname="LeftPointingDoubleAngleQuotationMark" symbol="00AB" ipavalue="" extendedbuckwalter="0" terminating="true" connecting="false" assimilate="false" />
		<arabicsymbol symbolname="yasaArN EalaAmapN {lt~anSiySu" uname="RightPointingDoubleAngleQuotationMark" symbol="00BB" ipavalue="" extendedbuckwalter="0" terminating="true" connecting="false" assimilate="false" />
		<arabicsymbol symbolname="faArizapN" uname="ArabicComma" symbol="060C" ipavalue="" extendedbuckwalter="0" terminating="false" connecting="false" assimilate="false" />
		<arabicsymbol symbolname="faAsilapN manquwTapN" uname="ArabicSemicolon" symbol="061B" ipavalue="" extendedbuckwalter="0" terminating="true" connecting="false" assimilate="false" />
		<arabicsymbol symbolname="Ealamapu &lt;isotifohaAmN" uname="ArabicQuestionMark" symbol="061F" ipavalue="" extendedbuckwalter="0" terminating="false" connecting="false" assimilate="false" />
		<arabicsymbol symbolname="{lv~alaAvu" uname="ZeroWidthNonJoiner" symbol="200C" ipavalue="" extendedbuckwalter="0" terminating="false" connecting="false" assimilate="false" />
		<arabicsymbol symbolname="" uname="LeftToRightMark" symbol="200E" ipavalue="" extendedbuckwalter="0" terminating="true" connecting="false" assimilate="false" />
		<arabicsymbol symbolname="" uname="RightToLeftMark" symbol="200F" ipavalue="" extendedbuckwalter="0" terminating="true" connecting="false" assimilate="false" />
		<arabicsymbol symbolname="" uname="LeftToRightEmbedding" symbol="202A" ipavalue="" extendedbuckwalter="0" terminating="true" connecting="false" assimilate="false" />
		<arabicsymbol symbolname="" uname="RightToLeftEmbedding" symbol="202B" ipavalue="" extendedbuckwalter="0" terminating="true" connecting="false" assimilate="false" />
		<arabicsymbol symbolname="" uname="PopDirectionalFormatting" symbol="202C" ipavalue="" extendedbuckwalter="0" terminating="true" connecting="false" assimilate="false" />
		<arabicsymbol symbolname="" uname="LeftToRightOverride" symbol="202D" ipavalue="" extendedbuckwalter="0" terminating="true" connecting="false" assimilate="false" />
		<arabicsymbol symbolname="" uname="RightToLeftOverride" symbol="202E" ipavalue="" extendedbuckwalter="0" terminating="true" connecting="false" assimilate="false" />
		<arabicsymbol symbolname="{lv~alaAvu" uname="NarrowNoBreakSpace" symbol="202F" ipavalue="" extendedbuckwalter="0" terminating="true" connecting="false" assimilate="false" />
		
		<arabicsymbol symbolname="yamiynN {loqawosaAnu" uname="OrnateLeftParenthesis" symbol="FD3E" ipavalue="" extendedbuckwalter="41" terminating="true" connecting="false" assimilate="false" />
		<arabicsymbol symbolname="yasaArN {loqawosaAnu" uname="OrnateRightParenthesis" symbol="FD3F" ipavalue="" extendedbuckwalter="40" terminating="true" connecting="false" assimilate="false" />

		<arabicsymbol symbolname="Sal~aY {ll~ahu Ealayohi wasal~ama" uname="ArabicSignSallallahouAlayheWassallam" symbol="0610" ipavalue="" extendedbuckwalter="0" terminating="true" connecting="false" assimilate="false" />
		<arabicsymbol symbolname="Ealayohi {ls~alaAmu" uname="ArabicSignAlayheAssallam" symbol="0611" ipavalue="" extendedbuckwalter="0" terminating="true" connecting="false" assimilate="false" />
		<arabicsymbol symbolname="raHomapu {ll~ahu Ealayohi" uname="ArabicSignRahmatullahAlayhe" symbol="0612" ipavalue="" extendedbuckwalter="0" terminating="true" connecting="false" assimilate="false" />
		<arabicsymbol symbolname="raDiYa {ll~ahu Eanohu" uname="ArabicSignRadiAllahouAnhu" symbol="0613" ipavalue="" extendedbuckwalter="0" terminating="true" connecting="false" assimilate="false" />

		<arabicsymbol symbolname="Sal~aY" uname="ArabicLigatureSallaUsedAsKoranicStopSignIsolatedForm" symbol="FDF0" ipavalue="" extendedbuckwalter="0" terminating="true" connecting="false" assimilate="false" />
		<arabicsymbol symbolname="qalaY" uname="ArabicLigatureQalaUsedAsKoranicStopSignIsolatedForm" symbol="FDF1" ipavalue="" extendedbuckwalter="0" terminating="true" connecting="false" assimilate="false" />
		<arabicsymbol symbolname="{ll~ahu" uname="ArabicLigatureAllahIsolatedForm" symbol="FDF2" ipavalue="" extendedbuckwalter="0" terminating="true" connecting="false" assimilate="false" />
		<arabicsymbol symbolname="&gt;akobaru" uname="ArabicLigatureAkbarIsolatedForm" symbol="FDF3" ipavalue="" extendedbuckwalter="0" terminating="true" connecting="false" assimilate="false" />
		<arabicsymbol symbolname="muHam~adN" uname="ArabicLigatureMohammadIsolatedForm" symbol="FDF4" ipavalue="" extendedbuckwalter="0" terminating="true" connecting="false" assimilate="false" />
		<arabicsymbol symbolname="Sal~aY {ll~ahu Ealayohi wasal~ama" uname="ArabicLigatureSalamIsolatedForm" symbol="FDF5" ipavalue="" extendedbuckwalter="0" terminating="true" connecting="false" assimilate="false" />
		<arabicsymbol symbolname="rasuwlN" uname="ArabicLigatureRasoulIsolatedForm" symbol="FDF6" ipavalue="" extendedbuckwalter="0" terminating="true" connecting="false" assimilate="false" />
		<arabicsymbol symbolname="Ealayohi" uname="ArabicLigatureAlayheIsolatedForm" symbol="FDF7" ipavalue="" extendedbuckwalter="0" terminating="true" connecting="false" assimilate="false" />
		<arabicsymbol symbolname="wasal~ama" uname="ArabicLigatureWasallamIsolatedForm" symbol="FDF8" ipavalue="" extendedbuckwalter="0" terminating="true" connecting="false" assimilate="false" />
		<arabicsymbol symbolname="Sal~aY" uname="ArabicLigatureSallaIsolatedForm" symbol="FDF9" ipavalue="" extendedbuckwalter="0" terminating="true" connecting="false" assimilate="false" />
		<arabicsymbol symbolname="Sal~aY {ll~ahu Ealayohi wasal~ama" uname="ArabicLigatureSallallahouAlayheWasallam" symbol="FDFA" ipavalue="" extendedbuckwalter="0" terminating="true" connecting="false" assimilate="false" />
		<arabicsymbol symbolname="jal~a jalaAluhu" uname="ArabicLigatureJallajalalouhou" symbol="FDFB" ipavalue="" extendedbuckwalter="0" terminating="true" connecting="false" assimilate="false" />
		<arabicsymbol symbolname="riyaAlN" uname="RialSign" symbol="FDFC" ipavalue="" extendedbuckwalter="0" terminating="true" connecting="false" assimilate="false" />
		<arabicsymbol symbolname="bisomi {ll~ahi {lr~aHoma`ni {lr~aHiymi" uname="ArabicLigatureBismillahArRahmanArRaheem" symbol="FDFD" ipavalue="" extendedbuckwalter="0" terminating="true" connecting="false" assimilate="false" />

		<arabicsymbol symbolname="PaY" uname="ArabicLetterPeh" symbol="067E" shaping="FB56,FB57,FB58,FB59" ipavalue="" extendedbuckwalter="80" terminating="false" connecting="false" assimilate="false" />
		<arabicsymbol symbolname="JaY" uname="ArabicLetterTcheh" symbol="0686" shaping="FB7A,FB7B,FB7C,FB7D" ipavalue="" extendedbuckwalter="74" terminating="false" connecting="false" assimilate="false" />
		<arabicsymbol symbolname="VaY" uname="ArabicLetterVeh" symbol="06A4" shaping="FB6A,FB6B,FB6C,FB6D" ipavalue="" extendedbuckwalter="86" terminating="false" connecting="false" assimilate="false" />
		<arabicsymbol symbolname="GaAf" uname="ArabicLetterGaf" symbol="06AF" shaping="FB92,FB93,FB94,FB95" ipavalue="" extendedbuckwalter="71" terminating="false" connecting="false" assimilate="false" />
	</arabicletters>
</arabicdata>